<?xml version="1.0" encoding="UTF-8"?>
<metadata xml:lang="sv"><Esri><CreaDate>20110915</CreaDate><CreaTime>10340800</CreaTime><ArcGISFormat>1.0</ArcGISFormat><SyncOnce>TRUE</SyncOnce><DataProperties><lineage><Process ToolSource="C:\Program Files (x86)\ArcGIS\Desktop10.0\ArcToolbox\Toolboxes\Data Management Tools.tbx\DeleteIdentical" Date="20110704" Time="133211">DeleteIdentical Sverigekartan\Län Shape;KATEGORI;LANSKOD;LANSNAMN # 0</Process><Process ToolSource="C:\Program Files (x86)\ArcGIS\Desktop10.0\ArcToolbox\Toolboxes\Editing Tools.tbx\Generalize" Date="20110704" Time="153848">Generalize an_riks #</Process><Process ToolSource="C:\Program Files (x86)\ArcGIS\Desktop10.0\ArcToolbox\Toolboxes\Data Management Tools.tbx\AddField" Date="20110704" Time="154824">AddField an_riks boundary LONG # # # # NON_NULLABLE NON_REQUIRED #</Process></lineage></DataProperties></Esri></metadata>
