<?xml version="1.0" encoding="UTF-8"?>
<metadata xml:lang="sv"><Esri><CreaDate>20110915</CreaDate><CreaTime>21575600</CreaTime><ArcGISFormat>1.0</ArcGISFormat><SyncOnce>TRUE</SyncOnce><DataProperties><lineage><Process ToolSource="C:\Program Files (x86)\ArcGIS\Desktop10.0\ArcToolbox\Toolboxes\Conversion Tools.tbx\FeatureToRaster" Date="20110915" Time="215756">FeatureToRaster "Clip layer\Vgotaland_A_gru_exwater" TX "C:\GIS ANA\Västra Gotalands\Vastra gotland\Vgotaland_all" 100</Process></lineage></DataProperties></Esri></metadata>
