<?xml version="1.0" encoding="UTF-8"?>
<metadata xml:lang="sv"><Esri><CreaDate>20111003</CreaDate><CreaTime>11002600</CreaTime><ArcGISFormat>1.0</ArcGISFormat><SyncOnce>TRUE</SyncOnce><DataProperties><lineage><Process ToolSource="C:\Program Files (x86)\ArcGIS\Desktop10.0\ArcToolbox\Toolboxes\Spatial Analyst Tools.tbx\ExtractByMask" Date="20111003" Time="110026">ExtractByMask mask_elevati2 boundary__V_gotalandt C:\Teaching\Data_Västra_Gotaland\Raster_data\Elevation_data\eleva_västra</Process></lineage></DataProperties></Esri></metadata>
