<?xml version="1.0" encoding="UTF-8"?>
<metadata xml:lang="sv"><Esri><CreaDate>20111003</CreaDate><CreaTime>11053000</CreaTime><ArcGISFormat>1.0</ArcGISFormat><SyncOnce>TRUE</SyncOnce><DataProperties><lineage><Process ToolSource="C:\Program Files (x86)\ArcGIS\Desktop10.0\ArcToolbox\Toolboxes\Conversion Tools.tbx\FeatureToRaster" Date="20111003" Time="110530">FeatureToRaster Vgotaland_landcover KATEGORI C:\Teaching\Data_Västra_Gotaland\Raster_data\lancover_raster\land_raster 949,804324000005</Process></lineage></DataProperties></Esri></metadata>
